{"timerange": [1549537200000000000, 1556737200000000000], "window_size": 49, "X_train_shape": 7, "activation_function": "tanh", "loss_function": "mse", "optimizer": "adam", "sequence_length": 50, "dropout": 0.2, "epochs": 1, "percent_training": 0.9, "batch_size": 1024, "training_time": 16, "processed_per_second": 109.75, "val_acc": 0.08238636702299118, "loss": 0.018627500994677557, "models": ["LSTM_Final-01-0.082.model"]}